{"cameraMode":{"drawMode":0,"name":"Shaded","section":"Shading Mode"},"sceneLighting":true,"audioPlay":false,"sceneViewState":{"m_AlwaysRefresh":false,"showFog":true,"showSkybox":true,"showFlares":true,"showImageEffects":true,"showParticleSystems":true,"showVisualEffectGraphs":true,"m_FxEnabled":true},"in2DMode":false,"pivot":{"x":32.272621154785159,"y":-0.38782739639282229,"z":7.749302864074707},"rotation":{"x":0.5329710245132446,"y":0.08723128587007523,"z":-0.05536028742790222,"w":0.8398028016090393},"size":3.1296112537384035,"orthographic":false}